{
    "descript_audio_codec": {
        "mel": 0.5842482037247771,
        "sisdr": -11.527270610928536,
        "snr": 11.734372650801827,
        "stft": 2.5491706695951946,
        "visqol-audio": 4.2826987555370035,
        "visqol-speech": 4.5619134885456525,
        "waveform": 0.010706300492198785
    },
    "encodec_hf": {
        "mel": 1.351121208914821,
        "sisdr": -0.17888374511398605,
        "snr": 2.934773778261465,
        "stft": 2.264133931145149,
        "visqol-audio": 3.5789005395234286,
        "visqol-speech": 3.4369124868389678,
        "waveform": 0.027819609244720808
    },
    "speech_tokenizer": {
        "mel": 1.1340931809967663,
        "sisdr": 0.47421266057851863,
        "snr": 2.7032105224301866,
        "stft": 2.547391313592387,
        "visqol-audio": 3.3065184067231135,
        "visqol-speech": 3.9881595059953803,
        "waveform": 0.028938406135312674
    }
}