{
    "descript_audio_codec": {
        "mel": 0.6061258274011123,
        "sisdr": -10.610022181009947,
        "snr": 10.952649237404867,
        "stft": 1.671503691714292,
        "visqol-audio": 4.55817749600338,
        "visqol-speech": 4.350971831092887,
        "waveform": 0.011175317768815377
    },
    "encodec_hf": {
        "mel": 1.4755834210851446,
        "sisdr": 4.597159708177816,
        "snr": 1.4560887231325252,
        "stft": 2.4747163176884786,
        "visqol-audio": 4.246047686934658,
        "visqol-speech": 3.0283790755226687,
        "waveform": 0.02525300618883001
    },
    "speech_tokenizer": {
        "mel": 0.8619092436085967,
        "sisdr": 5.178341394048203,
        "snr": 1.4209948465785711,
        "stft": 1.8043810769901072,
        "visqol-audio": 4.384633406781557,
        "visqol-speech": 3.6159819495449947,
        "waveform": 0.026478095256902243
    }
}