{
    "descript_audio_codec": {
        "mel": 0.6382959640189393,
        "sisdr": -10.74340238963088,
        "snr": 10.95413057118246,
        "stft": 1.8450361457589555,
        "visqol-audio": 4.376865724825919,
        "visqol-speech": 4.596361550109254,
        "waveform": 0.01096990620972563
    },
    "encodec_hf": {
        "mel": 1.3255124418702844,
        "sisdr": -1.6464139425474034,
        "snr": 3.655806644322121,
        "stft": 2.4461940869893115,
        "visqol-audio": 4.070156077024855,
        "visqol-speech": 3.456325437523747,
        "waveform": 0.02736434547154054
    },
    "speech_tokenizer": {
        "mel": 0.7914425518414746,
        "sisdr": -3.435924078095449,
        "snr": 4.874410704390644,
        "stft": 1.6290033892409441,
        "visqol-audio": 4.295075452023233,
        "visqol-speech": 4.137006619717544,
        "waveform": 0.02297312009773434
    }
}