{
    "llmcodec_abl_k10": {
        "Speech": {
            "mel": 0.6860349918007851,
            "stft": 1.5212699687480926,
            "waveform": 0.034453877018022466,
            "pesq": 2.150174936413765,
            "pesq-wb": 2.150174936413765,
            "stoi": 0.8601805528087264,
            "f0corr": 0.8394648727405293
        },
        "overall": {
            "mel": 1.2228566711520155,
            "stft": 2.8148914639080562,
            "waveform": 0.06528292784999333,
            "pesq": 1.9357889815370242,
            "pesq-wb": 1.9357889815370242,
            "stoi": 0.6586401384065651,
            "f0corr": 0.6197856734312858
        },
        "Audio": {
            "mel": 1.8188821256011725,
            "stft": 4.365833748832345,
            "waveform": 0.07504187833495599,
            "pesq": 1.5906793643832207,
            "pesq-wb": 1.5906793643832207,
            "stoi": 0.5165330745873018,
            "f0corr": 0.2666239254710963
        },
        "Music": {
            "mel": 1.163652896054089,
            "stft": 2.5575706741437316,
            "waveform": 0.08635302819700155,
            "pesq": 2.066512643814087,
            "pesq-wb": 2.066512643814087,
            "stoi": 0.599206787823667,
            "f0corr": 0.7532682220822317
        }
    }
}