{
    "auv": {
        "Speech": {
            "mel": 0.7494746773093939,
            "stft": 1.6445538275837899,
            "waveform": 0.03456212810515717,
            "pesq": 2.0981580753922464,
            "pesq-wb": 2.0981580753922464,
            "stoi": 0.849815048257296,
            "f0corr": 0.8519452148368583
        },
        "overall": {
            "mel": 1.255213463201498,
            "stft": 4.146960278930764,
            "waveform": 0.06521299261486274,
            "pesq": 1.9545216947396595,
            "pesq-wb": 1.9545075218081474,
            "stoi": 0.6604630919353494,
            "f0corr": 0.6502030145858104
        },
        "Audio": {
            "mel": 1.8818128397911786,
            "stft": 6.893504296272993,
            "waveform": 0.07396055387174419,
            "pesq": 1.5675314599871635,
            "pesq-wb": 1.567488941192627,
            "stoi": 0.5209027715122175,
            "f0corr": 0.3139001023999881
        },
        "Music": {
            "mel": 1.1343528725039214,
            "stft": 3.902822712935507,
            "waveform": 0.08711629586768686,
            "pesq": 2.197875548839569,
            "pesq-wb": 2.197875548839569,
            "stoi": 0.6106714560365343,
            "f0corr": 0.7847637265205849
        }
    },
    "dac_44k": {}
}