{
    "encodec_24k_3bps": {
        "Speech": {
            "mel": 1.113492891818285,
            "stft": 2.2601177057027817,
            "waveform": 0.016346348776321976,
            "pesq": 1.984362144947052,
            "pesq-wb": 1.984362144947052,
            "stoi": 0.861082464165721,
            "f0corr": 0.8454107282897457
        },
        "overall": {
            "mel": 1.3435053308258453,
            "stft": 3.757469492753347,
            "waveform": 0.030329857885051752,
            "pesq": 1.9068760531346003,
            "pesq-wb": 1.9068760531346003,
            "stoi": 0.7142427899684595,
            "f0corr": 0.6943071146844207
        },
        "Audio": {
            "mel": 1.4286598471403122,
            "stft": 5.198832106530666,
            "waveform": 0.04077213957002095,
            "pesq": 1.812510690867901,
            "pesq-wb": 1.812510690867901,
            "stoi": 0.642900930484913,
            "f0corr": 0.39783659174869535
        },
        "Music": {
            "mel": 1.488363253518939,
            "stft": 3.8134586660265923,
            "waveform": 0.033871085308812325,
            "pesq": 1.923755323588848,
            "pesq-wb": 1.923755323588848,
            "stoi": 0.638744975254744,
            "f0corr": 0.839674024014821
        }
    }
}