{
    "funcodec_en_libritts_16k_nq32ds640": {
        "Speech": {
            "mel": 0.7992847023308277,
            "stft": 1.837346558213234,
            "waveform": 0.017062075535992337,
            "pesq": 2.6176708887815474,
            "pesq-wb": 2.6176708887815474,
            "stoi": 0.9153104971080387,
            "f0corr": 0.8741801298800855
        },
        "overall": {
            "mel": 1.1250488906825582,
            "stft": 2.4027360409597556,
            "waveform": 0.04050546459796169,
            "pesq": 2.119818919936816,
            "pesq-wb": 2.119818919936816,
            "stoi": 0.7301825890863664,
            "f0corr": 0.6402397730620966
        },
        "Audio": {
            "mel": 1.101488992884755,
            "stft": 2.536113067537546,
            "waveform": 0.05413197301191394,
            "pesq": 1.5510541558861732,
            "pesq-wb": 1.5510541558861732,
            "stoi": 0.5997370900967692,
            "f0corr": 0.3112937132247025
        },
        "Music": {
            "mel": 1.474372976832092,
            "stft": 2.8347484971284866,
            "waveform": 0.0503223452459788,
            "pesq": 2.190731715142727,
            "pesq-wb": 2.190731715142727,
            "stoi": 0.6755001800542911,
            "f0corr": 0.7352454760815017
        }
    }
}