{
    "s3tokenizer_v1": {
        "encode_only": true,
        "message": "This codec only supports encoding. No reconstruction metrics available."
    },
    "s3tokenizer_v1_25hz": {
        "encode_only": true,
        "message": "This codec only supports encoding. No reconstruction metrics available."
    },
    "s3tokenizer_v3_25hz": {
        "encode_only": true,
        "message": "This codec only supports encoding. No reconstruction metrics available."
    },
    "sqcodec_16k_0k75bps": {
        "Speech": {
            "mel": 3.473710821926594,
            "stft": 4.0980821897983555,
            "waveform": 0.04966503160726279,
            "pesq": 1.0705298528671265,
            "pesq-wb": 1.0705298528671265,
            "stoi": 0.3817928640592466,
            "f0corr": 0.5349168224306777
        },
        "overall": {
            "mel": 3.862401943107446,
            "stft": 6.275645022670428,
            "waveform": 0.07306930854637175,
            "pesq": 1.1085525487263996,
            "pesq-wb": 1.1085525487263996,
            "stoi": 0.2820540206969124,
            "f0corr": 0.4068071360977677
        },
        "Audio": {
            "mel": 4.000205304682255,
            "stft": 8.209860447406768,
            "waveform": 0.08111036352999508,
            "pesq": 1.1493645280003548,
            "pesq-wb": 1.1493645280003548,
            "stoi": 0.22108024767378764,
            "f0corr": 0.23712657809990925
        },
        "Music": {
            "mel": 4.113289702713489,
            "stft": 6.5189924308061595,
            "waveform": 0.0884325305018574,
            "pesq": 1.105763265311718,
            "pesq-wb": 1.105763265311718,
            "stoi": 0.2432889503577029,
            "f0corr": 0.44837800776271614
        }
    },
    "sqcodec_16k_12kbps": {
        "Speech": {
            "mel": 4.084037521362305,
            "stft": 4.999393094658852,
            "waveform": 0.07127474337350577,
            "pesq": 1.1828988230228423,
            "pesq-wb": 1.1828988230228423,
            "stoi": 0.490527010323617,
            "f0corr": 0.3841535234232724
        },
        "overall": {
            "mel": 4.3712605388561885,
            "stft": 6.9893601692120235,
            "waveform": 0.09326077913617094,
            "pesq": 1.275524530450503,
            "pesq-wb": 1.275524530450503,
            "stoi": 0.3884324567556094,
            "f0corr": 0.34699426128939254
        },
        "Audio": {
            "mel": 4.499774360537529,
            "stft": 8.71725974702835,
            "waveform": 0.09694416555948555,
            "pesq": 1.4388919959068298,
            "pesq-wb": 1.4388919959068298,
            "stoi": 0.3334515240293664,
            "f0corr": 0.16406447462882714
        },
        "Music": {
            "mel": 4.5299697346687315,
            "stft": 7.251427665948868,
            "waveform": 0.1115634284755215,
            "pesq": 1.204782772421837,
            "pesq-wb": 1.204782772421837,
            "stoi": 0.34131883591384504,
            "f0corr": 0.4927647858160781
        }
    },
    "sqcodec_16k_1k5bps": {
        "Speech": {
            "mel": 3.442717642784119,
            "stft": 4.110073276281357,
            "waveform": 0.04240687423059717,
            "pesq": 1.0878497676253318,
            "pesq-wb": 1.0878497676253318,
            "stoi": 0.47436587945296416,
            "f0corr": 0.43124152120153303
        },
        "overall": {
            "mel": 3.8391003698507946,
            "stft": 6.303004995544751,
            "waveform": 0.0637625084069247,
            "pesq": 1.1227561955650647,
            "pesq-wb": 1.12275411738952,
            "stoi": 0.35627642847873753,
            "f0corr": 0.3630443560119311
        },
        "Audio": {
            "mel": 3.9408968971967697,
            "stft": 8.158300081014634,
            "waveform": 0.06855246629007161,
            "pesq": 1.1876453603506087,
            "pesq-wb": 1.1876391258239747,
            "stoi": 0.2935697044364165,
            "f0corr": 0.24341994064950268
        },
        "Music": {
            "mel": 4.133686569571495,
            "stft": 6.640641629338265,
            "waveform": 0.08032818470010535,
            "pesq": 1.0927734587192535,
            "pesq-wb": 1.0927734587192535,
            "stoi": 0.300893701546832,
            "f0corr": 0.41447160618475754
        }
    },
    "sqcodec_16k_3kbps": {
        "Speech": {
            "mel": 2.8937964792251587,
            "stft": 3.6468169431686404,
            "waveform": 0.041112726331688464,
            "pesq": 1.2717750414013862,
            "pesq-wb": 1.2717750414013862,
            "stoi": 0.39384953750839125,
            "f0corr": 0.40741378743003587
        },
        "overall": {
            "mel": 3.3365015912453333,
            "stft": 5.919430684685707,
            "waveform": 0.06379569430773457,
            "pesq": 1.3772372299432754,
            "pesq-wb": 1.376852586865425,
            "stoi": 0.32346596461548194,
            "f0corr": 0.3416795940341667
        },
        "Audio": {
            "mel": 3.574714945435524,
            "stft": 8.041237052440643,
            "waveform": 0.06981871343730017,
            "pesq": 1.5718507435321807,
            "pesq-wb": 1.5706968142986297,
            "stoi": 0.2861549875843348,
            "f0corr": 0.22108450494192267
        },
        "Music": {
            "mel": 3.5409933490753174,
            "stft": 6.0702380584478375,
            "waveform": 0.08045564315421506,
            "pesq": 1.2880859048962594,
            "pesq-wb": 1.2880859048962594,
            "stoi": 0.29039336875371974,
            "f0corr": 0.39654048973054157
        }
    },
    "sqcodec_16k_6kbps": {
        "Speech": {
            "mel": 3.4554524766206742,
            "stft": 4.1674227929115295,
            "waveform": 0.0561332828248851,
            "pesq": 1.287198566377163,
            "pesq-wb": 1.287198566377163,
            "stoi": 0.4508791351714846,
            "f0corr": 0.2766998103252445
        },
        "overall": {
            "mel": 3.894074882944425,
            "stft": 6.390069710373878,
            "waveform": 0.0778796734243321,
            "pesq": 1.365722521563371,
            "pesq-wb": 1.3657225924134255,
            "stoi": 0.3561072599690327,
            "f0corr": 0.29787648490418966
        },
        "Audio": {
            "mel": 4.139765882372856,
            "stft": 8.394487658023834,
            "waveform": 0.08324443997535855,
            "pesq": 1.569507349729538,
            "pesq-wb": 1.569507349729538,
            "stoi": 0.2968613900271715,
            "f0corr": 0.19811438886215182
        },
        "Music": {
            "mel": 4.087006289839745,
            "stft": 6.608298680186271,
            "waveform": 0.09426129747275264,
            "pesq": 1.2404616485834121,
            "pesq-wb": 1.2404618611335754,
            "stoi": 0.32058125470844184,
            "f0corr": 0.4188152555251727
        }
    },
    "sqcodec_24k_12kbps": {
        "Speech": {
            "mel": 3.7167707768678664,
            "stft": 4.522454495310783,
            "waveform": 0.07236328181438148,
            "pesq": 1.2101303539276123,
            "pesq-wb": 1.2101303539276123,
            "stoi": 0.44225244992147794,
            "f0corr": 0.35717961684125477
        },
        "overall": {
            "mel": 4.135676382780075,
            "stft": 6.680166192531586,
            "waveform": 0.09389766425763567,
            "pesq": 1.2899935487310092,
            "pesq-wb": 1.2894541800618171,
            "stoi": 0.36039635040823653,
            "f0corr": 0.3280520869712054
        },
        "Audio": {
            "mel": 4.361098100304604,
            "stft": 8.614055003881454,
            "waveform": 0.09982935355603695,
            "pesq": 1.4623510826826096,
            "pesq-wb": 1.4607329766750337,
            "stoi": 0.31829217008110605,
            "f0corr": 0.1633090592068329
        },