{
    "funcodec_zh_en_16k_nq32ds640": {
        "Speech": {
            "mel": 0.6880597251951694,
            "stft": 1.5329942169487476,
            "waveform": 0.01230657617108227,
            "pesq": 3.0216924579143525,
            "pesq-wb": 3.0216924579143525,
            "stoi": 0.9390351447062301,
            "f0corr": 0.911397943085758
        },
        "overall": {
            "mel": 1.016812738041083,
            "stft": 2.199358431359132,
            "waveform": 0.029574592459863196,
            "pesq": 2.449738926490148,
            "pesq-wb": 2.449738926490148,
            "stoi": 0.7896500145272937,
            "f0corr": 0.7219127972139783
        },
        "Audio": {
            "mel": 0.9388020378798246,
            "stft": 2.4646038345992567,
            "waveform": 0.04010985484675984,
            "pesq": 2.038056156039238,
            "pesq-wb": 2.038056156039238,
            "stoi": 0.7145919054958108,
            "f0corr": 0.41811530361309995
        },
        "Music": {
            "mel": 1.423576451048255,
            "stft": 2.6004772425293923,
            "waveform": 0.036307346361747476,
            "pesq": 2.2894681655168534,
            "pesq-wb": 2.2894681655168534,
            "stoi": 0.7153229933798402,
            "f0corr": 0.8362251449430769
        }
    }
}