{
    "audiodec_24k_320d": {
        "Speech": {
            "mel": 0.9470923488140106,
            "stft": 2.0372713332176207,
            "waveform": 0.03232572002305824,
            "pesq": 1.7592700929045677,
            "pesq-wb": 1.7592700929045677,
            "stoi": 0.7574552395048206,
            "f0corr": 0.7913362015899911
        },
        "overall": {
            "mel": 1.2410685722554724,
            "stft": 3.602683950011929,
            "waveform": 0.06093655666809839,
            "pesq": 1.617693452835083,
            "pesq-wb": 1.617693452835083,
            "stoi": 0.5607506743874433,
            "f0corr": 0.5914450353532884
        },
        "Audio": {
            "mel": 1.4202158031463623,
            "stft": 5.0986807376146315,
            "waveform": 0.07123640710317704,
            "pesq": 1.50764327698946,
            "pesq-wb": 1.50764327698946,
            "stoi": 0.3914240418871767,
            "f0corr": 0.28618307496025225
        },
        "Music": {
            "mel": 1.355897564806044,
            "stft": 3.672099779203534,
            "waveform": 0.0792475428780599,
            "pesq": 1.5861669886112213,
            "pesq-wb": 1.5861669886112213,
            "stoi": 0.5333727417703324,
            "f0corr": 0.6968158295096218
        }
    }
}