{
    "llmcodec_abl_k3": {
        "Speech": {
            "mel": 0.6865789856314659,
            "stft": 1.5243460032343865,
            "waveform": 0.03432859550129797,
            "pesq": 2.1314301759004595,
            "pesq-wb": 2.1314301759004595,
            "stoi": 0.8574472749211977,
            "f0corr": 0.8374690389006865
        },
        "overall": {
            "mel": 1.218752604342997,
            "stft": 2.8143870723148185,
            "waveform": 0.06534839985370672,
            "pesq": 1.9340636505087216,
            "pesq-wb": 1.9340636505087216,
            "stoi": 0.6591095332548801,
            "f0corr": 0.6155178602238156
        },
        "Audio": {
            "mel": 1.8149787641763686,
            "stft": 4.366467248916626,
            "waveform": 0.0734034091188205,
            "pesq": 1.6050905916690827,
            "pesq-wb": 1.6050905916690827,
            "stoi": 0.5218113657911421,
            "f0corr": 0.2652727002990432
        },
        "Music": {
            "mel": 1.1547000632211566,
            "stft": 2.5523479647934435,
            "waveform": 0.0883131949410017,
            "pesq": 2.065670183956623,
            "pesq-wb": 2.065670183956623,
            "stoi": 0.5980699590523004,
            "f0corr": 0.7438118414717173
        }
    }
}