{
    "dac_44k": {
        "Speech": {
            "mel": 0.768928659081459,
            "stft": 1.6003587079048156,
            "waveform": 0.013713890329418063,
            "pesq": 2.3815806886553763,
            "pesq-wb": 2.3815806886553763,
            "stoi": 0.8898342180023922,
            "f0corr": 0.8995974933616817
        },
        "overall": {
            "mel": 0.7644029867239296,
            "stft": 1.746254292011261,
            "waveform": 0.020074005186398305,
            "pesq": 2.881800925175349,
            "pesq-wb": 2.881800925175349,
            "stoi": 0.8247390044940208,
            "f0corr": 0.7630539570555235
        },
        "Audio": {
            "mel": 0.6252408415302634,
            "stft": 1.7569140066727995,
            "waveform": 0.024627390724674115,
            "pesq": 3.1681433302760125,
            "pesq-wb": 3.1681433302760125,
            "stoi": 0.8242099414626379,
            "f0corr": 0.513567484788422
        },
        "Music": {
            "mel": 0.8990394595600665,
            "stft": 1.8814901614561677,
            "waveform": 0.021880734505102736,
            "pesq": 3.095678756594658,
            "pesq-wb": 3.095678756594658,
            "stoi": 0.7601728540170325,
            "f0corr": 0.8759968930164669
        }
    }
}