{
    "funcodec_en_libritts_16k_gr8nq32ds320": {
        "Speech": {
            "mel": 0.7987845415323973,
            "stft": 1.769711301445961,
            "waveform": 0.03344715416314284,
            "pesq": 3.1696213843226433,
            "pesq-wb": 3.1696213843226433,
            "stoi": 0.8368241528654102,
            "f0corr": 0.8853613594314084
        },
        "overall": {
            "mel": 0.9012129965138932,
            "stft": 2.1140091687043507,
            "waveform": 0.06417938501123839,
            "pesq": 2.722882485091686,
            "pesq-wb": 2.722882485091686,
            "stoi": 0.7472632070336582,
            "f0corr": 0.6998314130933334
        },
        "Audio": {
            "mel": 0.8315888483151793,
            "stft": 2.218742063701153,
            "waveform": 0.07457213126604983,
            "pesq": 2.2277917875647546,
            "pesq-wb": 2.2277917875647546,
            "stoi": 0.6981398560404168,
            "f0corr": 0.3974963705772534
        },
        "Music": {
            "mel": 1.073265599694103,
            "stft": 2.3535741409659385,
            "waveform": 0.08451886960452248,
            "pesq": 2.771234283387661,
            "pesq-wb": 2.771234283387661,
            "stoi": 0.7068256121951475,
            "f0corr": 0.8166365092713386
        }
    }
}