{
    "llmcodec": {
        "Speech": {
            "mel": 0.712834631279111,
            "stft": 1.5967335832118987,
            "waveform": 0.03384138583343883,
            "pesq": 2.1103067017793657,
            "pesq-wb": 2.1103067017793657,
            "stoi": 0.8590145320234072,
            "f0corr": 0.8434489212597546
        },
        "overall": {
            "mel": 1.239311161475877,
            "stft": 4.120297915610174,
            "waveform": 0.06371331929275766,
            "pesq": 1.9513045764366785,
            "pesq-wb": 1.951294632057349,
            "stoi": 0.6649016746554361,
            "f0corr": 0.6289307256026659
        },
        "Audio": {
            "mel": 1.873806748408824,
            "stft": 6.879299071490765,
            "waveform": 0.07262023771060921,
            "pesq": 1.557942641854286,
            "pesq-wb": 1.5579128087162972,
            "stoi": 0.5194861346542142,
            "f0corr": 0.28120035455585457
        },
        "Music": {
            "mel": 1.1312921047396958,
            "stft": 3.8848610921278595,
            "waveform": 0.08467833433422493,
            "pesq": 2.1856643856763838,
            "pesq-wb": 2.1856643856763838,
            "stoi": 0.6162043572886872,
            "f0corr": 0.7621429009923886
        }
    }
}