{
    "dac_24k": {
        "Speech": {
            "mel": 0.3489900997430086,
            "stft": 1.2049487962722778,
            "waveform": 0.03216813863446441,
            "pesq": 4.350522077322006,
            "pesq-wb": 4.350522077322006,
            "stoi": 0.9859162275821998,
            "f0corr": 0.972941643146798
        },
        "overall": {
            "mel": 0.3791337584424764,
            "stft": 1.3295448833083112,
            "waveform": 0.04870950903944322,
            "pesq": 4.2520850741465885,
            "pesq-wb": 4.2520850741465885,
            "stoi": 0.9449786280385117,
            "f0corr": 0.841840322373823
        },
        "Audio": {
            "mel": 0.2923905560616404,
            "stft": 1.3451726624295115,
            "waveform": 0.05183926414170856,
            "pesq": 4.198447210073471,
            "pesq-wb": 4.198447210073471,
            "stoi": 0.9644689846048934,
            "f0corr": 0.612326037810417
        },
        "Music": {
            "mel": 0.4960206195227802,
            "stft": 1.4385131912231446,
            "waveform": 0.06212112434215669,
            "pesq": 4.207285935044289,
            "pesq-wb": 4.207285935044289,
            "stoi": 0.8845506719284422,
            "f0corr": 0.940253286164254
        }
    }
}