{
    "llmcodec_abl_k1": {
        "Speech": {
            "mel": 0.6901755916178226,
            "stft": 1.5321273500919341,
            "waveform": 0.03425780038442463,
            "pesq": 2.1498696972727775,
            "pesq-wb": 2.1498696972727775,
            "stoi": 0.8600024494126189,
            "f0corr": 0.8421038718484342
        },
        "overall": {
            "mel": 1.2247826287783683,
            "stft": 2.8183489725105466,
            "waveform": 0.0650240560063321,
            "pesq": 1.934500434478124,
            "pesq-wb": 1.934500434478124,
            "stoi": 0.6573333558270337,
            "f0corr": 0.6194607710758476
        },
        "Audio": {
            "mel": 1.8229377356283367,
            "stft": 4.368736704543233,
            "waveform": 0.07437514472947078,
            "pesq": 1.5896319965720176,
            "pesq-wb": 1.5896319965720176,
            "stoi": 0.5146608499801494,
            "f0corr": 0.2660076853678911
        },
        "Music": {
            "mel": 1.1612345590889455,
            "stft": 2.554182862896472,
            "waveform": 0.08643922290510091,
            "pesq": 2.0639996095895765,
            "pesq-wb": 2.0639996095895765,
            "stoi": 0.5973367680883327,
            "f0corr": 0.7502707560112176
        }
    }
}