{
    "funcodec_zh_en_16k_nq32ds320": {
        "Speech": {
            "mel": 0.6965650644153356,
            "stft": 1.597895377933979,
            "waveform": 0.01311884920461307,
            "pesq": 3.1708690147399903,
            "pesq-wb": 3.1708690147399903,
            "stoi": 0.9457909395585713,
            "f0corr": 0.9080679849940352
        },
        "overall": {
            "mel": 1.1530155497143666,
            "stft": 2.550463905394077,
            "waveform": 0.029747569177793292,
            "pesq": 2.5984441596865655,
            "pesq-wb": 2.5984441596865655,
            "stoi": 0.8030308181772794,
            "f0corr": 0.7105515614649254
        },
        "Audio": {
            "mel": 1.1032384842932224,
            "stft": 2.937021143913269,
            "waveform": 0.03891389235154565,
            "pesq": 2.1055544620752333,
            "pesq-wb": 2.1055544620752333,
            "stoi": 0.7300293102777053,
            "f0corr": 0.40788637010203455
        },
        "Music": {
            "mel": 1.6592431004345416,
            "stft": 3.116475194334984,
            "waveform": 0.03720996597722114,
            "pesq": 2.5189090022444725,
            "pesq-wb": 2.5189090022444725,
            "stoi": 0.7332722046955615,
            "f0corr": 0.8157003292987065
        }
    }
}