{
    "unicodec_24k": {
        "error": "No module named 'fairseq.models'; 'fairseq' is not a package",
        "message": "Codec loading failed before synthesis."
    },
    "wavtokenizer_24k_large_600_4096": {
        "Speech": {
            "mel": 1.128449335426092,
            "stft": 2.155688340842724,
            "waveform": 0.02573639607912628,
            "pesq": 1.5471268433332444,
            "pesq-wb": 1.5471268433332444,
            "stoi": 0.764888263045317,
            "f0corr": 0.7810246955291368
        },
        "overall": {
            "mel": 1.407762474467357,
            "stft": 3.6904001062313716,
            "waveform": 0.05217816751969318,
            "pesq": 1.4562340048551559,
            "pesq-wb": 1.4562420759995778,
            "stoi": 0.5489529412700997,
            "f0corr": 0.5850817582644667
        },
        "Audio": {
            "mel": 1.5680176247656346,
            "stft": 5.145319824874401,
            "waveform": 0.06624750155446237,
            "pesq": 1.3368086060881614,
            "pesq-wb": 1.3368328195214272,
            "stoi": 0.4036271185398576,
            "f0corr": 0.25250473596113443
        },
        "Music": {
            "mel": 1.5268204632103444,
            "stft": 3.77019215297699,
            "waveform": 0.06455060492549092,
            "pesq": 1.484766565144062,
            "pesq-wb": 1.484766565144062,
            "stoi": 0.47834344222512476,
            "f0corr": 0.7217158433031291
        }
    },
    "wavtokenizer_24k_medium_600_4096": {
        "Speech": {
            "mel": 0.9218846350163221,
            "stft": 2.0307337315678597,
            "waveform": 0.022705322865382186,
            "pesq": 1.8424632259607314,
            "pesq-wb": 1.8424632259607314,
            "stoi": 0.8228616587590131,
            "f0corr": 0.8190134013391799
        },
        "overall": {
            "mel": 1.244641116362065,
            "stft": 3.6332997208585343,
            "waveform": 0.05104818223712937,
            "pesq": 1.600969369828701,
            "pesq-wb": 1.600969369828701,
            "stoi": 0.6016098741754446,
            "f0corr": 0.5858248515645973
        },
        "Audio": {
            "mel": 1.4001659088246525,
            "stft": 5.122412334620953,
            "waveform": 0.06642963572472946,
            "pesq": 1.3812651627063752,
            "pesq-wb": 1.3812651627063752,
            "stoi": 0.4541068204874149,
            "f0corr": 0.2565250804684474
        },
        "Music": {
            "mel": 1.4118728052452207,
            "stft": 3.74675309638679,
            "waveform": 0.06400958812127647,
            "pesq": 1.5791797208189964,
            "pesq-wb": 1.5791797208189964,
            "stoi": 0.5278611432799062,
            "f0corr": 0.6819360728861648
        }
    },
    "wavtokenizer_24k_small_600_4096": {
        "Speech": {
            "mel": 1.086755020186305,
            "stft": 2.23462757819891,
            "waveform": 0.03572745321750699,
            "pesq": 1.4386353455781937,
            "pesq-wb": 1.4386353455781937,
            "stoi": 0.7609543362009219,
            "f0corr": 0.7669570012071781
        },
        "overall": {
            "mel": 1.4090813359481593,
            "stft": 3.817382789552212,
            "waveform": 0.06460289839271112,
            "pesq": 1.3536366593837739,
            "pesq-wb": 1.3536366593837739,
            "stoi": 0.5406044201079387,
            "f0corr": 0.5345009798455382
        },
        "Audio": {
            "mel": 1.501663273934275,
            "stft": 5.179330060780049,
            "waveform": 0.06891483566264288,
            "pesq": 1.2727952318787574,
            "pesq-wb": 1.2727952318787574,
            "stoi": 0.38570206236818383,
            "f0corr": 0.20746878972445848
        },
        "Music": {
            "mel": 1.638825713723898,
            "stft": 4.038190729677678,
            "waveform": 0.08916640629798349,
            "pesq": 1.3494794006943702,
            "pesq-wb": 1.3494794006943702,
            "stoi": 0.4751568617547108,
            "f0corr": 0.629077148604978
        }
    }
}