{
    "unicodec_24k": {
        "Speech": {
            "mel": 0.83714138007164,
            "stft": 1.9537993738651276,
            "waveform": 0.024882187627299573,
            "pesq": 2.024643741250038,
            "pesq-wb": 2.024643741250038,
            "stoi": 0.8513506435800141,
            "f0corr": 0.8168440539635776
        },
        "overall": {
            "mel": 1.132073394432664,
            "stft": 3.51881506029889,
            "waveform": 0.049888633747930726,
            "pesq": 1.812049749851227,
            "pesq-wb": 1.8120329102277757,
            "stoi": 0.6510200053851357,
            "f0corr": 0.6183897898310582
        },
        "Audio": {
            "mel": 1.358077680915594,
            "stft": 5.109298417329788,
            "waveform": 0.06538169690974246,
            "pesq": 1.5498221066594124,
            "pesq-wb": 1.5497715877890588,
            "stoi": 0.513842809314244,
            "f0corr": 0.2789409814653918
        },
        "Music": {
            "mel": 1.2010011223107577,
            "stft": 3.493347389701754,
            "waveform": 0.059402016706750146,
            "pesq": 1.8616834016442299,
            "pesq-wb": 1.8616834016442299,
            "stoi": 0.5878665632611493,
            "f0corr": 0.7593843340642051
        }
    }
}