{
    "funcodec_en_libritts_16k_nq32ds320": {
        "Speech": {
            "mel": 0.7434150573611259,
            "stft": 1.749454316139221,
            "waveform": 0.015166743039684662,
            "pesq": 2.879121778190136,
            "pesq-wb": 2.879121778190136,
            "stoi": 0.93352884666367,
            "f0corr": 0.8967626480478793
        },
        "overall": {
            "mel": 1.0277202312648297,
            "stft": 2.246624825023115,
            "waveform": 0.030949597391601854,
            "pesq": 2.408356996933619,
            "pesq-wb": 2.408356996933619,
            "stoi": 0.7868349593984504,
            "f0corr": 0.6968612739180292
        },
        "Audio": {
            "mel": 0.9600569477900863,
            "stft": 2.3201833850815894,
            "waveform": 0.03971461346248907,
            "pesq": 2.007400156199932,
            "pesq-wb": 2.007400156199932,
            "stoi": 0.7080577155372587,
            "f0corr": 0.3953761632726528
        },
        "Music": {
            "mel": 1.3796886886432767,
            "stft": 2.6702367738485338,
            "waveform": 0.03796743567263184,
            "pesq": 2.3385490564107894,
            "pesq-wb": 2.3385490564107894,
            "stoi": 0.7189183159944228,
            "f0corr": 0.7984450104335555
        }
    }
}