{
    "funcodec_en_libritts_16k_gr1nq32ds320": {
        "Speech": {
            "mel": 0.816656141281128,
            "stft": 1.7490445350408554,
            "waveform": 0.03281130148187367,
            "pesq": 3.4785759479999543,
            "pesq-wb": 3.4785759479999543,
            "stoi": 0.8358878362238203,
            "f0corr": 0.9154315769309178
        },
        "overall": {
            "mel": 0.9329776411876083,
            "stft": 2.1849539260516564,
            "waveform": 0.06178511961865418,
            "pesq": 3.037176452696323,
            "pesq-wb": 3.037176452696323,
            "stoi": 0.7617194147656025,
            "f0corr": 0.7327230920019598
        },
        "Audio": {
            "mel": 0.8092136760726572,
            "stft": 2.2931093605309725,
            "waveform": 0.07281043861712169,
            "pesq": 2.7742697381973267,
            "pesq-wb": 2.7742697381973267,
            "stoi": 0.7407803294048229,
            "f0corr": 0.4414490582573344
        },
        "Music": {
            "mel": 1.1730631062090398,
            "stft": 2.5127078825831415,
            "waveform": 0.07973361875696719,
            "pesq": 2.8586836718916895,
            "pesq-wb": 2.8586836718916895,
            "stoi": 0.7084900786681644,
            "f0corr": 0.8412886408176273
        }
    }
}