{
    "encodec_24k_12bps": {
        "Speech": {
            "mel": 0.883506577193737,
            "stft": 2.0499687643647193,
            "waveform": 0.009624759577811346,
            "pesq": 3.3042581828832627,
            "pesq-wb": 3.3042581828832627,
            "stoi": 0.9433991093844735,
            "f0corr": 0.9383153257593513
        },
        "overall": {
            "mel": 1.1535064287260175,
            "stft": 3.5825226481954258,
            "waveform": 0.019780845195081685,
            "pesq": 3.0120760659774146,
            "pesq-wb": 3.0120760659774146,
            "stoi": 0.8354572320111224,
            "f0corr": 0.7716642299175728
        },
        "Audio": {
            "mel": 1.2725221826732158,
            "stft": 5.061880730748177,
            "waveform": 0.028262539416311485,
            "pesq": 2.921228407084942,
            "pesq-wb": 2.921228407084942,
            "stoi": 0.809083872969396,
            "f0corr": 0.4844481607977068
        },
        "Music": {
            "mel": 1.3044905263110995,
            "stft": 3.635718449473381,
            "waveform": 0.02145523659112223,
            "pesq": 2.810741607964039,
            "pesq-wb": 2.810741607964039,
            "stoi": 0.7538887136794976,
            "f0corr": 0.8922292031956603
        }
    },
    "encodec_24k_1_5bps": {
        "Speech": {
            "mel": 1.267582013607025,
            "stft": 2.403632726728916,
            "waveform": 0.020513488248630894,
            "pesq": 1.5158585031628609,
            "pesq-wb": 1.5158585031628609,
            "stoi": 0.7988301526453702,
            "f0corr": 0.7475936886129202
        },
        "overall": {
            "mel": 1.4756219528416792,
            "stft": 3.886138715684414,
            "waveform": 0.036843921533996765,
            "pesq": 1.5361494614481925,
            "pesq-wb": 1.5361494614481925,
            "stoi": 0.6388418739393971,
            "f0corr": 0.6377931091313367
        },
        "Audio": {
            "mel": 1.5192657719701528,
            "stft": 5.287697409808636,
            "waveform": 0.04775719944576122,
            "pesq": 1.5171265282630921,
            "pesq-wb": 1.5171265282630921,
            "stoi": 0.556936507426784,
            "f0corr": 0.3655774095535162
        },
        "Music": {
            "mel": 1.6400180729478597,
            "stft": 3.9670860105156898,
            "waveform": 0.04226107690759818,
            "pesq": 1.5754633529186248,
            "pesq-wb": 1.5754633529186248,
            "stoi": 0.5607589617460369,
            "f0corr": 0.8002082292275736
        }
    },
    "encodec_24k_24bps": {
        "Speech": {
            "mel": 0.8225619396865368,
            "stft": 1.9996371035575866,
            "waveform": 0.008372420937012065,
            "pesq": 3.6579469591379166,
            "pesq-wb": 3.6579469591379166,
            "stoi": 0.9599012468897582,
            "f0corr": 0.944262163432315
        },
        "overall": {
            "mel": 1.095100848528246,
            "stft": 3.535388423124949,
            "waveform": 0.01790544043410773,
            "pesq": 3.361912692407767,
            "pesq-wb": 3.361912692407767,
            "stoi": 0.8650538650530554,
            "f0corr": 0.782102067480458
        },
        "Audio": {
            "mel": 1.2167058577612042,
            "stft": 5.02031038737297,
            "waveform": 0.025891611862949502,
            "pesq": 3.325081406712532,
            "pesq-wb": 3.325081406712532,
            "stoi": 0.8547003597932782,
            "f0corr": 0.500105405227514
        },
        "Music": {
            "mel": 1.2460347481369973,
            "stft": 3.5862177784442903,
            "waveform": 0.019452288502361626,
            "pesq": 3.102709711372852,
            "pesq-wb": 3.102709711372852,
            "stoi": 0.78055998847613,
            "f0corr": 0.9019386337815449
        }
    }
}