{
    "speech_tokenizer_16k": {
        "Speech": {
            "mel": 0.8016653169095517,
            "stft": 1.7093674476742744,
            "waveform": 0.020143362829621765,
            "pesq": 2.1317443321347236,
            "pesq-wb": 2.1317443321347236,
            "stoi": 0.8575639514068937,
            "f0corr": 0.863549632887356
        },
        "overall": {
            "mel": 1.4441946820964415,
            "stft": 4.373755832453568,
            "waveform": 0.0442831388426542,
            "pesq": 1.7611677173773448,
            "pesq-wb": 1.7611677173773448,
            "stoi": 0.6414200390504583,
            "f0corr": 0.6370998582190077
        },
        "Audio": {
            "mel": 1.966685200534761,
            "stft": 7.0299004991054534,
            "waveform": 0.05913190242468409,
            "pesq": 1.4549087448120117,
            "pesq-wb": 1.4549087448120117,
            "stoi": 0.5081164879097841,
            "f0corr": 0.31851737941379543
        },
        "Music": {
            "mel": 1.5642335288450122,
            "stft": 4.381999550580979,
            "waveform": 0.05357415127365675,
            "pesq": 1.6968500751852988,
            "pesq-wb": 1.6968500751852988,
            "stoi": 0.5585796778346969,
            "f0corr": 0.7292325623558717
        }
    }
}