{
    "dac_16k": {
        "Speech": {
            "mel": 0.5132956966608763,
            "stft": 1.3627615116238594,
            "waveform": 0.03205836788014858,
            "pesq": 3.8814950843453406,
            "pesq-wb": 3.8814950843453406,
            "stoi": 0.9608033206467573,
            "f0corr": 0.9396384588247165
        },
        "overall": {
            "mel": 0.5958548195014397,
            "stft": 1.5916902183095614,
            "waveform": 0.049152173522930144,
            "pesq": 3.6342454909086226,
            "pesq-wb": 3.6342454909086226,
            "stoi": 0.872840980454559,
            "f0corr": 0.7896812059832203
        },
        "Audio": {
            "mel": 0.5335075523331761,
            "stft": 1.685434154957533,
            "waveform": 0.05262981147086975,
            "pesq": 3.448285227239132,
            "pesq-wb": 3.448285227239132,
            "stoi": 0.8583808854460145,
            "f0corr": 0.5258305468958133
        },
        "Music": {
            "mel": 0.7407612095102668,
            "stft": 1.726874988347292,
            "waveform": 0.0627683412177721,
            "pesq": 3.5729561611413954,
            "pesq-wb": 3.5729561611413954,
            "stoi": 0.7993387352709047,
            "f0corr": 0.9035746122291312
        }
    }
}