{
    "encodec_24k_6bps": {
        "Speech": {
            "mel": 1.0010158169567585,
            "stft": 2.168669904947281,
            "waveform": 0.012409048628833262,
            "pesq": 2.6345655166506767,
            "pesq-wb": 2.6345655166506767,
            "stoi": 0.9099110911177907,
            "f0corr": 0.9009964586071583
        },
        "overall": {
            "mel": 1.2474001561552286,
            "stft": 3.668230048517386,
            "waveform": 0.02410069648209416,
            "pesq": 2.42644389496247,
            "pesq-wb": 2.42644389496247,
            "stoi": 0.7816147387919027,
            "f0corr": 0.73994733012975
        },
        "Audio": {
            "mel": 1.3498658409267663,
            "stft": 5.122627430140972,
            "waveform": 0.033553753188447444,
            "pesq": 2.296805484354496,
            "pesq-wb": 2.296805484354496,
            "stoi": 0.7305782093306251,
            "f0corr": 0.4476819976511615
        },
        "Music": {
            "mel": 1.391318810582161,
            "stft": 3.713392810463905,
            "waveform": 0.026339287629001774,
            "pesq": 2.3479606838822367,
            "pesq-wb": 2.3479606838822367,
            "stoi": 0.704354915927292,
            "f0corr": 0.8711635341309302
        }
    }
}