{
    "audiodec_24k_320d": {
        "error": "Stats audiodec_vocoder_24k_320d/symAD_libritts_24000_hop300_clean.npy does not exist!",
        "message": "Codec loading failed before synthesis."
    },
    "bigcodec_1k": {
        "Speech": {
            "mel": 0.801973616734147,
            "stft": 1.8133520616889,
            "waveform": 0.022953976300981595,
            "pesq": 2.209263163268566,
            "pesq-wb": 2.209263163268566,
            "stoi": 0.8768881424880115,
            "f0corr": 0.8674425636818632
        },
        "overall": {
            "mel": 1.4767299780348937,
            "stft": 4.448437136749426,
            "waveform": 0.051971474120890586,
            "pesq": 1.842309149682522,
            "pesq-wb": 1.8422555103500684,
            "stoi": 0.6603185301156979,
            "f0corr": 0.6341626422547196
        },
        "Audio": {
            "mel": 2.1180637395605446,
            "stft": 7.137206423342228,
            "waveform": 0.06692376284683269,
            "pesq": 1.3902291339635848,
            "pesq-wb": 1.3900682159662248,
            "stoi": 0.4982711758494063,
            "f0corr": 0.3059938952818047
        },
        "Music": {
            "mel": 1.5101525778099893,
            "stft": 4.394752925217151,
            "waveform": 0.06603668321485748,
            "pesq": 1.9274351518154145,
            "pesq-wb": 1.9274351518154145,
            "stoi": 0.6057962720096759,
            "f0corr": 0.7290514678004911
        }
    }
}