{
    "sqcodec_24k_24kbps": {
        "Speech": {
            "mel": 3.9605772770643233,
            "stft": 6.248480227470398,
            "waveform": 0.0964044195022434,
            "pesq": 1.0480027765631676,
            "pesq-wb": 1.0480027765631676,
            "stoi": 0.5755597853004643,
            "f0corr": 0.45697613349719907
        },
        "overall": {
            "mel": 4.056782604257266,
            "stft": 7.259736340403557,
            "waveform": 0.12241405086576318,
            "pesq": 1.0654343345363935,
            "pesq-wb": 1.0654343345363935,
            "stoi": 0.46299377233373523,
            "f0corr": 0.3994024820777146
        },
        "Audio": {
            "mel": 3.930235669374466,
            "stft": 7.859251009464264,
            "waveform": 0.13095199640328065,
            "pesq": 1.0968247711658479,
            "pesq-wb": 1.0968247711658479,
            "stoi": 0.4133899265155374,
            "f0corr": 0.25302249923948694
        },
        "Music": {
            "mel": 4.279534866333008,
            "stft": 7.671477784276009,
            "waveform": 0.1398857366917655,
            "pesq": 1.051475455880165,
            "pesq-wb": 1.051475455880165,
            "stoi": 0.400031605185204,
            "f0corr": 0.4882088134964579
        }
    }
}