{
    "academicodec_hifi_16k_320d": {
        "Speech": {
            "mel": 2.1867666443735363,
            "stft": 3.219044572353363,
            "waveform": 0.05000934224063531,
            "pesq": 2.2916891447901726,
            "pesq-wb": 2.2916891447901726,
            "stoi": 0.8748891245714268,
            "f0corr": 0.8701399478646926
        },
        "overall": {
            "mel": 2.2119374777091045,
            "stft": 5.132642109185457,
            "waveform": 0.07272611683198192,
            "pesq": 1.9901141046682993,
            "pesq-wb": 1.9900863574147225,
            "stoi": 0.6764822934248109,
            "f0corr": 0.6579688069212523
        },
        "Audio": {
            "mel": 2.334931275866926,
            "stft": 7.2680145852565765,
            "waveform": 0.07391274354571942,
            "pesq": 1.5177532513141632,
            "pesq-wb": 1.5176700095534326,
            "stoi": 0.5365906460224711,
            "f0corr": 0.3321997996325954
        },
        "Music": {
            "mel": 2.114114512886852,
            "stft": 4.910867169946432,
            "waveform": 0.09425626470959104,
            "pesq": 2.1608999179005624,
            "pesq-wb": 2.1608999179005624,
            "stoi": 0.6179671096805347,
            "f0corr": 0.7715666732664686
        }
    },
    "academicodec_hifi_16k_320d_large_uni": {
        "Speech": {
            "mel": 2.1275524880588055,
            "stft": 3.172300658583641,
            "waveform": 0.048651159328408536,
            "pesq": 2.3133630301952364,
            "pesq-wb": 2.3133630301952364,
            "stoi": 0.8704806374842783,
            "f0corr": 0.8867790883174166
        },
        "overall": {
            "mel": 2.140309940022727,
            "stft": 5.073660062690576,
            "waveform": 0.06604363163451975,
            "pesq": 2.092998341957728,
            "pesq-wb": 2.092998332500458,
            "stoi": 0.6913911219136772,
            "f0corr": 0.7099841652286608
        },
        "Audio": {
            "mel": 2.3008984251096845,
            "stft": 7.261058858156204,
            "waveform": 0.06663739909461583,
            "pesq": 1.6348787105083467,
            "pesq-wb": 1.6348786821365358,
            "stoi": 0.564406818829451,
            "f0corr": 0.39945680498765435
        },
        "Music": {
            "mel": 1.9924789068996906,
            "stft": 4.787620671331882,
            "waveform": 0.08284233648053486,
            "pesq": 2.3307532851696013,
            "pesq-wb": 2.3307532851696013,
            "stoi": 0.6392859094273026,
            "f0corr": 0.8437166023809114
        }
    },
    "academicodec_hifi_24k_320d": {
        "Speech": {
            "mel": 2.214534625828266,
            "stft": 3.330017362833023,
            "waveform": 0.04877774090692401,
            "pesq": 2.2632324481010437,
            "pesq-wb": 2.2632324481010437,
            "stoi": 0.8869871870487375,
            "f0corr": 0.8683410280761309
        },
        "overall": {
            "mel": 2.007745592004309,
            "stft": 4.4200925306479135,
            "waveform": 0.07027863699480076,
            "pesq": 1.949997312784195,
            "pesq-wb": 1.949997312784195,
            "stoi": 0.6997643162528463,
            "f0corr": 0.6604480775294748
        },
        "Audio": {
            "mel": 1.7840655941702426,
            "stft": 5.543695797264576,
            "waveform": 0.07200363954223576,
            "pesq": 1.562283030152321,
            "pesq-wb": 1.562283030152321,
            "stoi": 0.582730655700607,
            "f0corr": 0.34286340119413217
        },
        "Music": {
            "mel": 2.0246365560144186,
            "stft": 4.386564431846142,
            "waveform": 0.09005453053524252,
            "pesq": 2.0244764600992204,
            "pesq-wb": 2.0244764600992204,
            "stoi": 0.629575106009194,
            "f0corr": 0.7701398033181612
        }
    },
    "audiodec_24k_320d": {
        "error": "Please install AudioDec first. pip install git+https://github.com/voidful/AudioDec.git",
        "message": "Codec loading failed before evaluation."
    }
}