{
    "descript_audio_codec": {
        "mel": 0.5790068139281772,
        "sisdr": -8.775661850436222,
        "snr": 9.127762681956613,
        "stft": 1.7664949027480163,
        "visqol-audio": 4.459135398194572,
        "visqol-speech": 4.322282713475952,
        "waveform": 0.012433339986853366
    },
    "encodec_hf": {
        "mel": 0.9327194633323459,
        "sisdr": 2.825375842712337,
        "snr": 1.2040648893707184,
        "stft": 2.1048596568460227,
        "visqol-audio": 4.195804090485185,
        "visqol-speech": 3.0942317585768495,
        "waveform": 0.03083523872031084
    },
    "speech_tokenizer": {
        "mel": 0.8480194207829368,
        "sisdr": 3.995274262073581,
        "snr": 0.720609848192247,
        "stft": 1.7909178678628843,
        "visqol-audio": 4.301191343994887,
        "visqol-speech": 3.4304280257567776,
        "waveform": 0.031627252249346226
    }
}